,Estimate,SE,t,p
const,36.4594883850902,5.1034588106374,7.144074193191454,3.2834384987060835e-12
CRIM,-0.10801135783679737,0.032864994182947777,-3.286516870672072,0.001086810095561516
ZN,0.046420458366878456,0.01372746154288557,3.3815762821012196,0.0007781096876104172
INDUS,0.0205586263670672,0.06149568895208491,0.334310042173618,0.7382880714047771
CHAS,2.6867338193449,0.8615797562099234,3.1183808579298593,0.0019250303308409164
NX,-17.7666112283001,3.819743707402537,-4.651257411294113,4.24564380764618e-06
RM,3.8098652068092043,0.41792525380959167,9.116140199905205,1.979441095574124e-18
AGE,0.0006922246403433569,0.013209781983681902,0.05240242732230288,0.958229309205684
DIS,-1.475566845600258,0.1994547346591097,-7.398003602783186,6.013491101436732e-13
RAD,0.3060494789851753,0.06634644028852021,4.612899767557392,5.070529022685316e-06
TAX,-0.012334593916574408,0.0037605364462679263,-3.2800091404022007,0.0011116367236891091
PTRATIO,-0.9527472317073014,0.13082675587501993,-7.28251056395123,1.3088351338953473e-12
B,0.009311683273794169,0.0026859649424287235,3.466792558124116,0.0005728591671838224
LSTAT,-0.5247583778554864,0.05071527820247848,-10.347145800135651,7.77691177204737e-23
