,Full,Drop TAX,Drop RAD
AGE,3.1008255128153364,3.0980442813574323,3.0830086748912326
B,1.348521076406375,1.3475635948833935,1.3414590034361198
CHAS,1.0739953275537883,1.0582200786527969,1.061561096315008
CRIM,1.792191547433241,1.7919398703186435,1.664471491773954
DIS,3.955944906372728,3.954445681356574,3.9549506056933086
INDUS,3.9915964183460315,3.226015151461639,3.682264743037106
LSTAT,2.9414910780919357,2.9408004765531923,2.9377524102330312
NX,4.393719847577493,4.369270541680956,4.304929331571053
PTRATIO,1.799084049248898,1.7888393760975643,1.7348731617273456
RAD,7.484496335274472,2.83749402574465,
RM,1.933744435783257,1.9230745229398212,1.8854245633324183
TAX,9.00855394759707,,3.4152890003342673
ZN,2.298758178749441,2.184240266446746,2.273018308327798
